Student_ID,Book_ID,Department,Issue_Date,Due_Date,Late_Days,Return_Date,Fine_Amount
S2000,B3000,CE,2024-02-09,2024-02-23,20,2024-03-14,100
S2001,B3001,ECE,2024-02-25,2024-03-10,22,2024-04-01,110
S2002,B3002,ECE,2024-04-08,2024-04-22,13,2024-05-05,65
S2003,B3003,CE,2024-05-14,2024-05-28,17,2024-06-14,85
S2004,B3004,IT,2024-04-28,2024-05-12,3,2024-05-15,15
S2005,B3005,CE,2024-04-20,2024-05-04,3,2024-05-07,15
S2006,B3006,EE,2024-07-26,2024-08-09,6,2024-08-15,30
S2007,B3007,CE,2024-06-18,2024-07-02,6,2024-07-08,30
S2008,B3008,CSE,2024-05-05,2024-05-19,24,2024-06-12,120
S2009,B3009,CE,2024-07-30,2024-08-13,1,2024-08-14,5
S2010,B3010,CE,2024-05-09,2024-05-23,22,2024-06-14,110
S2011,B3011,CE,2024-03-25,2024-04-08,21,2024-04-29,105
S2012,B3012,IT,2024-04-07,2024-04-21,4,2024-04-25,20
S2013,B3013,CSE,2024-09-14,2024-09-28,7,2024-10-05,35
S2014,B3014,EE,2024-02-15,2024-02-29,21,2024-03-21,105
S2015,B3015,CSE,2024-03-06,2024-03-20,18,2024-04-07,90
S2016,B3016,EE,2024-09-29,2024-10-13,8,2024-10-21,40
S2017,B3017,EE,2024-09-28,2024-10-12,2,2024-10-14,10
S2018,B3018,ME,2024-02-25,2024-03-10,3,2024-03-13,15
S2019,B3019,ME,2024-06-23,2024-07-07,6,2024-07-13,30
S2020,B3020,EE,2024-09-16,2024-09-30,16,2024-10-16,80
S2021,B3021,CE,2024-05-18,2024-06-01,10,2024-06-11,50
S2022,B3022,CE,2024-04-01,2024-04-15,9,2024-04-24,45
S2023,B3023,ME,2024-03-30,2024-04-13,18,2024-05-01,90
S2024,B3024,EE,2024-06-24,2024-07-08,9,2024-07-17,45
S2025,B3025,EE,2024-06-17,2024-07-01,2,2024-07-03,10
S2026,B3026,CSE,2024-05-04,2024-05-18,15,2024-06-02,75
S2027,B3027,ME,2024-04-27,2024-05-11,22,2024-06-02,110
S2028,B3028,CE,2024-06-10,2024-06-24,15,2024-07-09,75
S2029,B3029,EE,2024-07-05,2024-07-19,12,2024-07-31,60
S2030,B3030,ME,2024-05-19,2024-06-02,21,2024-06-23,105
S2031,B3031,ME,2024-06-12,2024-06-26,12,2024-07-08,60
S2032,B3032,EE,2024-07-09,2024-07-23,19,2024-08-11,95
S2033,B3033,ECE,2024-06-09,2024-06-23,15,2024-07-08,75
S2034,B3034,CSE,2024-06-21,2024-07-05,22,2024-07-27,110
S2035,B3035,ECE,2024-10-03,2024-10-17,1,2024-10-18,5
S2036,B3036,EE,2024-08-30,2024-09-13,24,2024-10-07,120
S2037,B3037,CSE,2024-05-11,2024-05-25,19,2024-06-13,95
S2038,B3038,CSE,2024-02-05,2024-02-19,6,2024-02-25,30
S2039,B3039,ECE,2024-05-02,2024-05-16,17,2024-06-02,85
S2040,B3040,EE,2024-08-06,2024-08-20,5,2024-08-25,25
S2041,B3041,CE,2024-04-08,2024-04-22,8,2024-04-30,40
S2042,B3042,EE,2024-06-15,2024-06-29,4,2024-07-03,20
S2043,B3043,IT,2024-03-21,2024-04-04,22,2024-04-26,110
S2044,B3044,ECE,2024-07-25,2024-08-08,5,2024-08-13,25
S2045,B3045,ECE,2024-08-12,2024-08-26,13,2024-09-08,65
S2046,B3046,EE,2024-04-02,2024-04-16,1,2024-04-17,5
S2047,B3047,ECE,2024-02-15,2024-02-29,23,2024-03-23,115
S2048,B3048,IT,2024-08-02,2024-08-16,3,2024-08-19,15
S2049,B3049,IT,2024-08-18,2024-09-01,20,2024-09-21,100
S2050,B3050,EE,2024-04-21,2024-05-05,12,2024-05-17,60
S2051,B3051,ECE,2024-02-03,2024-02-17,0,2024-02-17,0
S2052,B3052,ME,2024-06-01,2024-06-15,14,2024-06-29,70
S2053,B3053,ECE,2024-05-16,2024-05-30,24,2024-06-23,120
S2054,B3054,ME,2024-09-10,2024-09-24,5,2024-09-29,25
S2055,B3055,IT,2024-06-27,2024-07-11,15,2024-07-26,75
S2056,B3056,EE,2024-09-14,2024-09-28,10,2024-10-08,50
S2057,B3057,CSE,2024-04-04,2024-04-18,12,2024-04-30,60
S2058,B3058,IT,2024-07-31,2024-08-14,0,2024-08-14,0
S2059,B3059,ECE,2024-02-28,2024-03-13,15,2024-03-28,75
S2060,B3060,ME,2024-03-28,2024-04-11,19,2024-04-30,95
S2061,B3061,ECE,2024-09-26,2024-10-10,1,2024-10-11,5
S2062,B3062,CE,2024-05-24,2024-06-07,18,2024-06-25,90
S2063,B3063,CSE,2024-07-08,2024-07-22,16,2024-08-07,80
S2064,B3064,EE,2024-07-26,2024-08-09,9,2024-08-18,45
S2065,B3065,ME,2024-03-19,2024-04-02,8,2024-04-10,40
S2066,B3066,CSE,2024-07-17,2024-07-31,1,2024-08-01,5
S2067,B3067,CSE,2024-05-20,2024-06-03,13,2024-06-16,65
S2068,B3068,EE,2024-03-10,2024-03-24,5,2024-03-29,25
S2069,B3069,CSE,2024-07-22,2024-08-05,2,2024-08-07,10
S2070,B3070,EE,2024-02-19,2024-03-04,11,2024-03-15,55
S2071,B3071,IT,2024-08-11,2024-08-25,21,2024-09-15,105
S2072,B3072,ECE,2024-08-03,2024-08-17,16,2024-09-02,80
S2073,B3073,CSE,2024-07-12,2024-07-26,10,2024-08-05,50
S2074,B3074,ME,2024-07-31,2024-08-14,16,2024-08-30,80
S2075,B3075,CSE,2024-08-21,2024-09-04,17,2024-09-21,85
S2076,B3076,EE,2024-02-18,2024-03-03,10,2024-03-13,50
S2077,B3077,ME,2024-04-13,2024-04-27,10,2024-05-07,50
S2078,B3078,ME,2024-02-14,2024-02-28,0,2024-02-28,0
S2079,B3079,ECE,2024-05-17,2024-05-31,12,2024-06-12,60
S2080,B3080,CSE,2024-03-02,2024-03-16,23,2024-04-08,115
S2081,B3081,ME,2024-02-18,2024-03-03,0,2024-03-03,0
S2082,B3082,ME,2024-03-25,2024-04-08,6,2024-04-14,30
S2083,B3083,EE,2024-04-09,2024-04-23,10,2024-05-03,50
S2084,B3084,ECE,2024-07-28,2024-08-11,4,2024-08-15,20
S2085,B3085,ECE,2024-09-20,2024-10-04,8,2024-10-12,40
S2086,B3086,ME,2024-05-02,2024-05-16,2,2024-05-18,10
S2087,B3087,ME,2024-09-07,2024-09-21,6,2024-09-27,30
S2088,B3088,CE,2024-08-30,2024-09-13,22,2024-10-05,110
S2089,B3089,CE,2024-07-31,2024-08-14,16,2024-08-30,80
S2090,B3090,ECE,2024-04-19,2024-05-03,12,2024-05-15,60
S2091,B3091,CE,2024-02-01,2024-02-15,20,2024-03-06,100
S2092,B3092,CSE,2024-02-14,2024-02-28,17,2024-03-16,85
S2093,B3093,ECE,2024-08-04,2024-08-18,8,2024-08-26,40
S2094,B3094,IT,2024-08-23,2024-09-06,22,2024-09-28,110
S2095,B3095,EE,2024-05-17,2024-05-31,9,2024-06-09,45
S2096,B3096,IT,2024-06-11,2024-06-25,3,2024-06-28,15
S2097,B3097,ME,2024-04-11,2024-04-25,13,2024-05-08,65
S2098,B3098,EE,2024-06-11,2024-06-25,2,2024-06-27,10
S2099,B3099,CSE,2024-08-31,2024-09-14,18,2024-10-02,90
S2100,B3100,ECE,2024-08-26,2024-09-09,17,2024-09-26,85
S2101,B3101,CE,2024-06-18,2024-07-02,18,2024-07-20,90
S2102,B3102,EE,2024-09-03,2024-09-17,21,2024-10-08,105
S2103,B3103,CE,2024-10-04,2024-10-18,23,2024-11-10,115
S2104,B3104,EE,2024-09-27,2024-10-11,13,2024-10-24,65
S2105,B3105,ECE,2024-08-07,2024-08-21,15,2024-09-05,75
S2106,B3106,IT,2024-06-11,2024-06-25,6,2024-07-01,30
S2107,B3107,EE,2024-05-16,2024-05-30,12,2024-06-11,60
S2108,B3108,ME,2024-07-26,2024-08-09,2,2024-08-11,10
S2109,B3109,ME,2024-07-30,2024-08-13,13,2024-08-26,65
S2110,B3110,CE,2024-03-15,2024-03-29,2,2024-03-31,10
S2111,B3111,IT,2024-03-08,2024-03-22,6,2024-03-28,30
S2112,B3112,ME,2024-02-06,2024-02-20,9,2024-02-29,45
S2113,B3113,CSE,2024-04-12,2024-04-26,1,2024-04-27,5
S2114,B3114,CE,2024-03-10,2024-03-24,20,2024-04-13,100
S2115,B3115,IT,2024-09-02,2024-09-16,18,2024-10-04,90
S2116,B3116,ECE,2024-05-05,2024-05-19,1,2024-05-20,5
S2117,B3117,CSE,2024-09-14,2024-09-28,9,2024-10-07,45
S2118,B3118,IT,2024-07-20,2024-08-03,1,2024-08-04,5
S2119,B3119,ECE,2024-04-25,2024-05-09,9,2024-05-18,45
S2120,B3120,ME,2024-05-06,2024-05-20,4,2024-05-24,20
S2121,B3121,CE,2024-05-25,2024-06-08,5,2024-06-13,25
S2122,B3122,EE,2024-09-25,2024-10-09,22,2024-10-31,110
S2123,B3123,CSE,2024-05-30,2024-06-13,2,2024-06-15,10
S2124,B3124,ME,2024-04-17,2024-05-01,7,2024-05-08,35
S2125,B3125,CSE,2024-03-05,2024-03-19,0,2024-03-19,0
S2126,B3126,EE,2024-03-30,2024-04-13,20,2024-05-03,100
S2127,B3127,ECE,2024-05-13,2024-05-27,2,2024-05-29,10
S2128,B3128,ECE,2024-07-20,2024-08-03,19,2024-08-22,95
S2129,B3129,CE,2024-06-30,2024-07-14,3,2024-07-17,15
S2130,B3130,ECE,2024-02-01,2024-02-15,8,2024-02-23,40
S2131,B3131,CE,2024-08-02,2024-08-16,12,2024-08-28,60
S2132,B3132,EE,2024-09-14,2024-09-28,16,2024-10-14,80
S2133,B3133,ECE,2024-06-27,2024-07-11,9,2024-07-20,45
S2134,B3134,IT,2024-03-25,2024-04-08,4,2024-04-12,20
S2135,B3135,EE,2024-08-15,2024-08-29,20,2024-09-18,100
S2136,B3136,ME,2024-08-09,2024-08-23,23,2024-09-15,115
S2137,B3137,IT,2024-03-22,2024-04-05,7,2024-04-12,35
S2138,B3138,CE,2024-08-15,2024-08-29,10,2024-09-08,50
S2139,B3139,IT,2024-07-13,2024-07-27,12,2024-08-08,60
S2140,B3140,EE,2024-07-01,2024-07-15,11,2024-07-26,55
S2141,B3141,ECE,2024-02-10,2024-02-24,9,2024-03-04,45
S2142,B3142,CE,2024-07-26,2024-08-09,9,2024-08-18,45
S2143,B3143,CSE,2024-09-28,2024-10-12,17,2024-10-29,85
S2144,B3144,EE,2024-02-22,2024-03-07,8,2024-03-15,40
S2145,B3145,IT,2024-07-03,2024-07-17,12,2024-07-29,60
S2146,B3146,CSE,2024-08-01,2024-08-15,4,2024-08-19,20
S2147,B3147,IT,2024-02-07,2024-02-21,20,2024-03-12,100
S2148,B3148,IT,2024-07-15,2024-07-29,21,2024-08-19,105
S2149,B3149,ECE,2024-05-13,2024-05-27,4,2024-05-31,20
S2150,B3150,CSE,2024-06-02,2024-06-16,11,2024-06-27,55
S2151,B3151,CE,2024-05-27,2024-06-10,6,2024-06-16,30
S2152,B3152,CSE,2024-08-05,2024-08-19,8,2024-08-27,40
S2153,B3153,IT,2024-03-11,2024-03-25,15,2024-04-09,75
S2154,B3154,ECE,2024-05-18,2024-06-01,12,2024-06-13,60
S2155,B3155,CE,2024-09-10,2024-09-24,16,2024-10-10,80
S2156,B3156,ME,2024-03-23,2024-04-06,12,2024-04-18,60
S2157,B3157,IT,2024-03-02,2024-03-16,2,2024-03-18,10
S2158,B3158,EE,2024-06-01,2024-06-15,6,2024-06-21,30
S2159,B3159,ECE,2024-04-07,2024-04-21,4,2024-04-25,20
S2160,B3160,IT,2024-10-01,2024-10-15,22,2024-11-06,110
S2161,B3161,EE,2024-07-02,2024-07-16,10,2024-07-26,50
S2162,B3162,CE,2024-08-02,2024-08-16,17,2024-09-02,85
S2163,B3163,CE,2024-02-18,2024-03-03,13,2024-03-16,65
S2164,B3164,EE,2024-03-17,2024-03-31,9,2024-04-09,45
S2165,B3165,ECE,2024-09-17,2024-10-01,14,2024-10-15,70
S2166,B3166,ME,2024-04-30,2024-05-14,3,2024-05-17,15
S2167,B3167,ECE,2024-07-23,2024-08-06,11,2024-08-17,55
S2168,B3168,EE,2024-03-07,2024-03-21,22,2024-04-12,110
S2169,B3169,IT,2024-02-17,2024-03-02,11,2024-03-13,55
S2170,B3170,ME,2024-02-13,2024-02-27,13,2024-03-11,65
S2171,B3171,ME,2024-04-27,2024-05-11,15,2024-05-26,75
S2172,B3172,CSE,2024-08-29,2024-09-12,10,2024-09-22,50
S2173,B3173,ME,2024-05-20,2024-06-03,19,2024-06-22,95
S2174,B3174,EE,2024-09-24,2024-10-08,22,2024-10-30,110
S2175,B3175,CSE,2024-04-08,2024-04-22,19,2024-05-11,95
S2176,B3176,EE,2024-09-08,2024-09-22,12,2024-10-04,60
S2177,B3177,ME,2024-09-11,2024-09-25,2,2024-09-27,10
S2178,B3178,ECE,2024-02-21,2024-03-06,5,2024-03-11,25
S2179,B3179,CE,2024-06-18,2024-07-02,3,2024-07-05,15
S2180,B3180,IT,2024-02-09,2024-02-23,4,2024-02-27,20
S2181,B3181,EE,2024-09-05,2024-09-19,12,2024-10-01,60
S2182,B3182,EE,2024-08-19,2024-09-02,0,2024-09-02,0
S2183,B3183,CE,2024-07-08,2024-07-22,24,2024-08-15,120
S2184,B3184,ECE,2024-06-20,2024-07-04,4,2024-07-08,20
S2185,B3185,ME,2024-10-03,2024-10-17,19,2024-11-05,95
S2186,B3186,ECE,2024-06-26,2024-07-10,5,2024-07-15,25
S2187,B3187,CE,2024-05-04,2024-05-18,17,2024-06-04,85
S2188,B3188,CE,2024-05-30,2024-06-13,7,2024-06-20,35
S2189,B3189,ME,2024-05-03,2024-05-17,4,2024-05-21,20
S2190,B3190,CSE,2024-03-16,2024-03-30,14,2024-04-13,70
S2191,B3191,ME,2024-10-03,2024-10-17,11,2024-10-28,55
S2192,B3192,EE,2024-03-29,2024-04-12,23,2024-05-05,115
S2193,B3193,ME,2024-06-07,2024-06-21,13,2024-07-04,65
S2194,B3194,CE,2024-02-01,2024-02-15,2,2024-02-17,10
S2195,B3195,ME,2024-04-14,2024-04-28,4,2024-05-02,20
S2196,B3196,CSE,2024-09-20,2024-10-04,17,2024-10-21,85
S2197,B3197,EE,2024-08-01,2024-08-15,19,2024-09-03,95
S2198,B3198,IT,2024-09-08,2024-09-22,5,2024-09-27,25
S2199,B3199,EE,2024-04-07,2024-04-21,10,2024-05-01,50
S2200,B3200,ECE,2024-06-24,2024-07-08,8,2024-07-16,40
S2201,B3201,EE,2024-06-13,2024-06-27,0,2024-06-27,0
S2202,B3202,EE,2024-07-29,2024-08-12,8,2024-08-20,40
S2203,B3203,IT,2024-05-01,2024-05-15,2,2024-05-17,10
S2204,B3204,EE,2024-03-06,2024-03-20,15,2024-04-04,75
S2205,B3205,CE,2024-08-14,2024-08-28,3,2024-08-31,15
S2206,B3206,ECE,2024-05-05,2024-05-19,13,2024-06-01,65
S2207,B3207,CSE,2024-08-25,2024-09-08,6,2024-09-14,30
S2208,B3208,CSE,2024-08-01,2024-08-15,1,2024-08-16,5
S2209,B3209,EE,2024-04-18,2024-05-02,15,2024-05-17,75
S2210,B3210,IT,2024-08-31,2024-09-14,12,2024-09-26,60
S2211,B3211,CSE,2024-06-09,2024-06-23,6,2024-06-29,30
S2212,B3212,IT,2024-02-15,2024-02-29,20,2024-03-20,100
S2213,B3213,CSE,2024-05-26,2024-06-09,17,2024-06-26,85
S2214,B3214,CE,2024-03-05,2024-03-19,14,2024-04-02,70
S2215,B3215,CSE,2024-06-28,2024-07-12,23,2024-08-04,115
S2216,B3216,CE,2024-07-18,2024-08-01,13,2024-08-14,65
S2217,B3217,EE,2024-02-25,2024-03-10,10,2024-03-20,50
S2218,B3218,CSE,2024-09-09,2024-09-23,10,2024-10-03,50
S2219,B3219,CSE,2024-08-05,2024-08-19,17,2024-09-05,85
S2220,B3220,IT,2024-02-29,2024-03-14,21,2024-04-04,105
S2221,B3221,CE,2024-08-29,2024-09-12,24,2024-10-06,120
S2222,B3222,CSE,2024-08-29,2024-09-12,14,2024-09-26,70
S2223,B3223,ME,2024-06-15,2024-06-29,24,2024-07-23,120
S2224,B3224,ME,2024-09-10,2024-09-24,10,2024-10-04,50
S2225,B3225,CSE,2024-02-03,2024-02-17,22,2024-03-10,110
S2226,B3226,IT,2024-04-04,2024-04-18,16,2024-05-04,80
S2227,B3227,CE,2024-05-24,2024-06-07,24,2024-07-01,120
S2228,B3228,ECE,2024-06-10,2024-06-24,5,2024-06-29,25
S2229,B3229,CE,2024-09-03,2024-09-17,9,2024-09-26,45
S2230,B3230,IT,2024-06-25,2024-07-09,22,2024-07-31,110
S2231,B3231,ECE,2024-09-25,2024-10-09,18,2024-10-27,90
S2232,B3232,ME,2024-09-06,2024-09-20,14,2024-10-04,70
S2233,B3233,EE,2024-09-09,2024-09-23,2,2024-09-25,10
S2234,B3234,ME,2024-09-12,2024-09-26,7,2024-10-03,35
S2235,B3235,CE,2024-04-15,2024-04-29,1,2024-04-30,5
S2236,B3236,IT,2024-07-31,2024-08-14,22,2024-09-05,110
S2237,B3237,EE,2024-03-02,2024-03-16,1,2024-03-17,5
S2238,B3238,ME,2024-04-08,2024-04-22,10,2024-05-02,50
S2239,B3239,ECE,2024-07-06,2024-07-20,23,2024-08-12,115
S2240,B3240,CE,2024-07-15,2024-07-29,17,2024-08-15,85
S2241,B3241,EE,2024-04-23,2024-05-07,5,2024-05-12,25
S2242,B3242,CSE,2024-09-18,2024-10-02,3,2024-10-05,15
S2243,B3243,ECE,2024-06-25,2024-07-09,6,2024-07-15,30
S2244,B3244,EE,2024-06-18,2024-07-02,1,2024-07-03,5
S2245,B3245,IT,2024-06-21,2024-07-05,8,2024-07-13,40
S2246,B3246,EE,2024-04-22,2024-05-06,17,2024-05-23,85
S2247,B3247,ME,2024-05-28,2024-06-11,22,2024-07-03,110
S2248,B3248,ME,2024-02-26,2024-03-11,16,2024-03-27,80
S2249,B3249,CE,2024-08-13,2024-08-27,17,2024-09-13,85
S2250,B3250,CE,2024-06-23,2024-07-07,21,2024-07-28,105
S2251,B3251,IT,2024-05-19,2024-06-02,20,2024-06-22,100
S2252,B3252,IT,2024-06-02,2024-06-16,10,2024-06-26,50
S2253,B3253,CSE,2024-02-12,2024-02-26,15,2024-03-12,75
S2254,B3254,IT,2024-05-12,2024-05-26,4,2024-05-30,20
S2255,B3255,CSE,2024-09-24,2024-10-08,13,2024-10-21,65
S2256,B3256,CE,2024-03-10,2024-03-24,24,2024-04-17,120
S2257,B3257,CSE,2024-05-27,2024-06-10,15,2024-06-25,75
S2258,B3258,EE,2024-02-23,2024-03-08,10,2024-03-18,50
S2259,B3259,ECE,2024-03-27,2024-04-10,15,2024-04-25,75
S2260,B3260,ECE,2024-03-29,2024-04-12,7,2024-04-19,35
S2261,B3261,CSE,2024-04-28,2024-05-12,3,2024-05-15,15
S2262,B3262,EE,2024-07-29,2024-08-12,15,2024-08-27,75
S2263,B3263,ME,2024-07-26,2024-08-09,1,2024-08-10,5
S2264,B3264,IT,2024-09-30,2024-10-14,17,2024-10-31,85
S2265,B3265,CSE,2024-07-31,2024-08-14,12,2024-08-26,60
S2266,B3266,IT,2024-06-25,2024-07-09,17,2024-07-26,85
S2267,B3267,ME,2024-08-12,2024-08-26,1,2024-08-27,5
S2268,B3268,IT,2024-03-14,2024-03-28,24,2024-04-21,120
S2269,B3269,EE,2024-05-04,2024-05-18,18,2024-06-05,90
S2270,B3270,ECE,2024-07-22,2024-08-05,18,2024-08-23,90
S2271,B3271,CE,2024-06-24,2024-07-08,8,2024-07-16,40
S2272,B3272,CE,2024-03-23,2024-04-06,24,2024-04-30,120
S2273,B3273,CSE,2024-08-01,2024-08-15,13,2024-08-28,65
S2274,B3274,EE,2024-08-02,2024-08-16,7,2024-08-23,35
S2275,B3275,CSE,2024-04-24,2024-05-08,10,2024-05-18,50
S2276,B3276,ME,2024-10-04,2024-10-18,10,2024-10-28,50
S2277,B3277,ECE,2024-05-11,2024-05-25,4,2024-05-29,20
S2278,B3278,ME,2024-03-14,2024-03-28,23,2024-04-20,115
S2279,B3279,IT,2024-08-08,2024-08-22,22,2024-09-13,110
S2280,B3280,ME,2024-10-06,2024-10-20,10,2024-10-30,50
S2281,B3281,CSE,2024-10-04,2024-10-18,15,2024-11-02,75
S2282,B3282,EE,2024-03-09,2024-03-23,22,2024-04-14,110
S2283,B3283,CSE,2024-05-23,2024-06-06,11,2024-06-17,55
S2284,B3284,CSE,2024-08-27,2024-09-10,17,2024-09-27,85
S2285,B3285,CE,2024-10-03,2024-10-17,13,2024-10-30,65
S2286,B3286,EE,2024-05-24,2024-06-07,22,2024-06-29,110
S2287,B3287,IT,2024-05-10,2024-05-24,16,2024-06-09,80
S2288,B3288,ECE,2024-02-03,2024-02-17,5,2024-02-22,25
S2289,B3289,CE,2024-04-03,2024-04-17,7,2024-04-24,35
S2290,B3290,CE,2024-05-10,2024-05-24,2,2024-05-26,10
S2291,B3291,EE,2024-08-28,2024-09-11,14,2024-09-25,70
S2292,B3292,EE,2024-02-17,2024-03-02,5,2024-03-07,25
S2293,B3293,ECE,2024-04-11,2024-04-25,19,2024-05-14,95
S2294,B3294,CSE,2024-03-25,2024-04-08,9,2024-04-17,45
S2295,B3295,CSE,2024-09-14,2024-09-28,17,2024-10-15,85
S2296,B3296,CE,2024-09-12,2024-09-26,3,2024-09-29,15
S2297,B3297,ME,2024-07-25,2024-08-08,14,2024-08-22,70
S2298,B3298,CSE,2024-07-26,2024-08-09,16,2024-08-25,80
S2299,B3299,IT,2024-06-17,2024-07-01,2,2024-07-03,10
S2300,B3300,EE,2024-07-27,2024-08-10,23,2024-09-02,115
S2301,B3301,EE,2024-03-25,2024-04-08,24,2024-05-02,120
S2302,B3302,IT,2024-05-22,2024-06-05,20,2024-06-25,100
S2303,B3303,ECE,2024-07-12,2024-07-26,16,2024-08-11,80
S2304,B3304,CE,2024-06-11,2024-06-25,6,2024-07-01,30
S2305,B3305,ME,2024-05-13,2024-05-27,5,2024-06-01,25
S2306,B3306,EE,2024-06-19,2024-07-03,14,2024-07-17,70
S2307,B3307,ECE,2024-03-21,2024-04-04,14,2024-04-18,70
S2308,B3308,CSE,2024-03-01,2024-03-15,13,2024-03-28,65
S2309,B3309,ECE,2024-03-08,2024-03-22,20,2024-04-11,100
S2310,B3310,EE,2024-05-04,2024-05-18,12,2024-05-30,60
S2311,B3311,ME,2024-08-14,2024-08-28,23,2024-09-20,115
S2312,B3312,CSE,2024-07-04,2024-07-18,1,2024-07-19,5
S2313,B3313,EE,2024-05-24,2024-06-07,15,2024-06-22,75
S2314,B3314,ME,2024-03-24,2024-04-07,6,2024-04-13,30
S2315,B3315,IT,2024-07-14,2024-07-28,19,2024-08-16,95
S2316,B3316,EE,2024-08-20,2024-09-03,19,2024-09-22,95
S2317,B3317,CE,2024-07-09,2024-07-23,7,2024-07-30,35
S2318,B3318,EE,2024-04-26,2024-05-10,12,2024-05-22,60
S2319,B3319,EE,2024-10-04,2024-10-18,24,2024-11-11,120
S2320,B3320,EE,2024-05-03,2024-05-17,10,2024-05-27,50
S2321,B3321,CSE,2024-05-26,2024-06-09,15,2024-06-24,75
S2322,B3322,ECE,2024-06-06,2024-06-20,8,2024-06-28,40
S2323,B3323,CSE,2024-04-09,2024-04-23,9,2024-05-02,45
S2324,B3324,ECE,2024-08-30,2024-09-13,10,2024-09-23,50
S2325,B3325,ECE,2024-05-30,2024-06-13,8,2024-06-21,40
S2326,B3326,ME,2024-04-12,2024-04-26,12,2024-05-08,60
S2327,B3327,ECE,2024-04-02,2024-04-16,12,2024-04-28,60
S2328,B3328,ME,2024-05-04,2024-05-18,6,2024-05-24,30
S2329,B3329,CE,2024-09-30,2024-10-14,20,2024-11-03,100
S2330,B3330,EE,2024-03-08,2024-03-22,24,2024-04-15,120
S2331,B3331,CE,2024-06-03,2024-06-17,21,2024-07-08,105
S2332,B3332,CE,2024-03-14,2024-03-28,0,2024-03-28,0
S2333,B3333,ECE,2024-02-14,2024-02-28,23,2024-03-22,115
S2334,B3334,EE,2024-03-20,2024-04-03,14,2024-04-17,70
S2335,B3335,IT,2024-08-29,2024-09-12,1,2024-09-13,5
S2336,B3336,ECE,2024-03-04,2024-03-18,9,2024-03-27,45
S2337,B3337,CE,2024-03-10,2024-03-24,15,2024-04-08,75
S2338,B3338,CSE,2024-03-12,2024-03-26,1,2024-03-27,5
S2339,B3339,CE,2024-09-29,2024-10-13,22,2024-11-04,110
S2340,B3340,CSE,2024-07-31,2024-08-14,6,2024-08-20,30
S2341,B3341,EE,2024-05-04,2024-05-18,24,2024-06-11,120
S2342,B3342,EE,2024-06-22,2024-07-06,4,2024-07-10,20
S2343,B3343,IT,2024-03-10,2024-03-24,13,2024-04-06,65
S2344,B3344,CSE,2024-05-27,2024-06-10,12,2024-06-22,60
S2345,B3345,ECE,2024-09-02,2024-09-16,7,2024-09-23,35
S2346,B3346,CSE,2024-07-15,2024-07-29,21,2024-08-19,105
S2347,B3347,CSE,2024-06-08,2024-06-22,1,2024-06-23,5
S2348,B3348,IT,2024-05-15,2024-05-29,7,2024-06-05,35
S2349,B3349,EE,2024-08-06,2024-08-20,24,2024-09-13,120
S2350,B3350,IT,2024-05-15,2024-05-29,4,2024-06-02,20
S2351,B3351,CSE,2024-05-12,2024-05-26,21,2024-06-16,105
S2352,B3352,IT,2024-03-13,2024-03-27,16,2024-04-12,80
S2353,B3353,IT,2024-07-22,2024-08-05,21,2024-08-26,105
S2354,B3354,CE,2024-06-27,2024-07-11,16,2024-07-27,80
S2355,B3355,CE,2024-08-23,2024-09-06,7,2024-09-13,35
S2356,B3356,IT,2024-04-07,2024-04-21,23,2024-05-14,115
S2357,B3357,ME,2024-06-21,2024-07-05,22,2024-07-27,110
S2358,B3358,CE,2024-10-06,2024-10-20,18,2024-11-07,90
S2359,B3359,CSE,2024-04-28,2024-05-12,12,2024-05-24,60
S2360,B3360,ECE,2024-04-06,2024-04-20,11,2024-05-01,55
S2361,B3361,IT,2024-04-09,2024-04-23,0,2024-04-23,0
S2362,B3362,ME,2024-08-01,2024-08-15,2,2024-08-17,10
S2363,B3363,ECE,2024-06-08,2024-06-22,7,2024-06-29,35
S2364,B3364,CSE,2024-04-28,2024-05-12,21,2024-06-02,105
S2365,B3365,ME,2024-04-24,2024-05-08,5,2024-05-13,25
S2366,B3366,ME,2024-02-11,2024-02-25,1,2024-02-26,5
S2367,B3367,EE,2024-09-21,2024-10-05,4,2024-10-09,20
S2368,B3368,ECE,2024-04-06,2024-04-20,0,2024-04-20,0
S2369,B3369,ECE,2024-06-10,2024-06-24,22,2024-07-16,110
S2370,B3370,ME,2024-09-03,2024-09-17,9,2024-09-26,45
S2371,B3371,IT,2024-08-23,2024-09-06,14,2024-09-20,70
S2372,B3372,ME,2024-03-11,2024-03-25,16,2024-04-10,80
S2373,B3373,CSE,2024-10-04,2024-10-18,17,2024-11-04,85
S2374,B3374,CE,2024-03-08,2024-03-22,6,2024-03-28,30
S2375,B3375,CE,2024-03-07,2024-03-21,12,2024-04-02,60
S2376,B3376,EE,2024-05-10,2024-05-24,2,2024-05-26,10
S2377,B3377,IT,2024-02-27,2024-03-12,22,2024-04-03,110
S2378,B3378,IT,2024-06-27,2024-07-11,22,2024-08-02,110
S2379,B3379,CSE,2024-06-12,2024-06-26,21,2024-07-17,105
S2380,B3380,CSE,2024-03-11,2024-03-25,17,2024-04-11,85
S2381,B3381,EE,2024-09-03,2024-09-17,4,2024-09-21,20
S2382,B3382,ME,2024-04-15,2024-04-29,10,2024-05-09,50
S2383,B3383,CE,2024-08-26,2024-09-09,10,2024-09-19,50
S2384,B3384,IT,2024-09-08,2024-09-22,8,2024-09-30,40
S2385,B3385,EE,2024-03-24,2024-04-07,1,2024-04-08,5
S2386,B3386,IT,2024-07-22,2024-08-05,12,2024-08-17,60
S2387,B3387,CE,2024-06-21,2024-07-05,24,2024-07-29,120
S2388,B3388,CE,2024-07-11,2024-07-25,3,2024-07-28,15
S2389,B3389,EE,2024-06-23,2024-07-07,9,2024-07-16,45
S2390,B3390,IT,2024-06-25,2024-07-09,7,2024-07-16,35
S2391,B3391,EE,2024-04-29,2024-05-13,6,2024-05-19,30
S2392,B3392,CE,2024-07-01,2024-07-15,4,2024-07-19,20
S2393,B3393,CSE,2024-09-22,2024-10-06,3,2024-10-09,15
S2394,B3394,ECE,2024-03-31,2024-04-14,7,2024-04-21,35
S2395,B3395,ECE,2024-10-06,2024-10-20,3,2024-10-23,15
S2396,B3396,ECE,2024-02-09,2024-02-23,22,2024-03-16,110
S2397,B3397,CSE,2024-07-18,2024-08-01,20,2024-08-21,100
S2398,B3398,EE,2024-04-18,2024-05-02,17,2024-05-19,85
S2399,B3399,IT,2024-03-19,2024-04-02,19,2024-04-21,95
S2400,B3400,CSE,2024-10-05,2024-10-19,12,2024-10-31,60
S2401,B3401,ME,2024-07-23,2024-08-06,2,2024-08-08,10
S2402,B3402,CE,2024-02-26,2024-03-11,8,2024-03-19,40
S2403,B3403,CE,2024-05-23,2024-06-06,21,2024-06-27,105
S2404,B3404,EE,2024-07-09,2024-07-23,20,2024-08-12,100
S2405,B3405,CSE,2024-02-11,2024-02-25,19,2024-03-15,95
S2406,B3406,CSE,2024-03-10,2024-03-24,6,2024-03-30,30
S2407,B3407,IT,2024-08-27,2024-09-10,7,2024-09-17,35
S2408,B3408,ME,2024-09-03,2024-09-17,16,2024-10-03,80
S2409,B3409,ME,2024-08-31,2024-09-14,11,2024-09-25,55
S2410,B3410,ME,2024-05-12,2024-05-26,4,2024-05-30,20
S2411,B3411,CE,2024-04-01,2024-04-15,23,2024-05-08,115
S2412,B3412,ME,2024-06-25,2024-07-09,8,2024-07-17,40
S2413,B3413,ME,2024-02-16,2024-03-01,14,2024-03-15,70
S2414,B3414,EE,2024-04-26,2024-05-10,19,2024-05-29,95
S2415,B3415,CE,2024-05-28,2024-06-11,6,2024-06-17,30
S2416,B3416,ME,2024-06-27,2024-07-11,13,2024-07-24,65
S2417,B3417,CSE,2024-06-28,2024-07-12,13,2024-07-25,65
S2418,B3418,IT,2024-06-11,2024-06-25,9,2024-07-04,45
S2419,B3419,CSE,2024-10-04,2024-10-18,0,2024-10-18,0
S2420,B3420,EE,2024-05-12,2024-05-26,17,2024-06-12,85
S2421,B3421,CSE,2024-08-21,2024-09-04,3,2024-09-07,15
S2422,B3422,ECE,2024-08-06,2024-08-20,23,2024-09-12,115
S2423,B3423,CE,2024-02-12,2024-02-26,22,2024-03-19,110
S2424,B3424,CSE,2024-05-23,2024-06-06,8,2024-06-14,40
S2425,B3425,CSE,2024-03-20,2024-04-03,12,2024-04-15,60
S2426,B3426,ME,2024-06-14,2024-06-28,6,2024-07-04,30
S2427,B3427,CE,2024-09-06,2024-09-20,20,2024-10-10,100
S2428,B3428,ME,2024-06-25,2024-07-09,5,2024-07-14,25
S2429,B3429,EE,2024-05-16,2024-05-30,6,2024-06-05,30
S2430,B3430,ECE,2024-08-23,2024-09-06,23,2024-09-29,115
S2431,B3431,ECE,2024-08-05,2024-08-19,13,2024-09-01,65
S2432,B3432,IT,2024-08-19,2024-09-02,12,2024-09-14,60
S2433,B3433,CSE,2024-02-01,2024-02-15,10,2024-02-25,50
S2434,B3434,CSE,2024-07-29,2024-08-12,16,2024-08-28,80
S2435,B3435,CSE,2024-06-01,2024-06-15,22,2024-07-07,110
S2436,B3436,ME,2024-06-03,2024-06-17,7,2024-06-24,35
S2437,B3437,EE,2024-07-08,2024-07-22,7,2024-07-29,35
S2438,B3438,ECE,2024-05-21,2024-06-04,8,2024-06-12,40
S2439,B3439,ME,2024-08-29,2024-09-12,8,2024-09-20,40
S2440,B3440,ECE,2024-02-28,2024-03-13,23,2024-04-05,115
S2441,B3441,ME,2024-09-22,2024-10-06,6,2024-10-12,30
S2442,B3442,CE,2024-04-11,2024-04-25,10,2024-05-05,50
S2443,B3443,IT,2024-07-31,2024-08-14,19,2024-09-02,95
S2444,B3444,IT,2024-10-02,2024-10-16,22,2024-11-07,110
S2445,B3445,IT,2024-05-12,2024-05-26,7,2024-06-02,35
S2446,B3446,ME,2024-07-17,2024-07-31,10,2024-08-10,50
S2447,B3447,CSE,2024-07-29,2024-08-12,8,2024-08-20,40
S2448,B3448,CSE,2024-09-12,2024-09-26,16,2024-10-12,80
S2449,B3449,ECE,2024-03-17,2024-03-31,9,2024-04-09,45
S2450,B3450,ME,2024-03-11,2024-03-25,9,2024-04-03,45
S2451,B3451,ECE,2024-04-29,2024-05-13,11,2024-05-24,55
S2452,B3452,ECE,2024-07-28,2024-08-11,0,2024-08-11,0
S2453,B3453,EE,2024-07-24,2024-08-07,1,2024-08-08,5
S2454,B3454,IT,2024-04-01,2024-04-15,8,2024-04-23,40
S2455,B3455,ME,2024-08-27,2024-09-10,5,2024-09-15,25
S2456,B3456,IT,2024-08-16,2024-08-30,22,2024-09-21,110
S2457,B3457,CE,2024-04-21,2024-05-05,21,2024-05-26,105
S2458,B3458,ME,2024-06-01,2024-06-15,23,2024-07-08,115
S2459,B3459,CE,2024-03-06,2024-03-20,16,2024-04-05,80
S2460,B3460,IT,2024-08-28,2024-09-11,13,2024-09-24,65
S2461,B3461,EE,2024-09-02,2024-09-16,2,2024-09-18,10
S2462,B3462,ME,2024-02-17,2024-03-02,4,2024-03-06,20
S2463,B3463,ECE,2024-03-19,2024-04-02,2,2024-04-04,10
S2464,B3464,ECE,2024-06-07,2024-06-21,0,2024-06-21,0
S2465,B3465,EE,2024-06-11,2024-06-25,6,2024-07-01,30
S2466,B3466,ME,2024-05-30,2024-06-13,1,2024-06-14,5
S2467,B3467,CSE,2024-05-26,2024-06-09,20,2024-06-29,100
S2468,B3468,IT,2024-08-23,2024-09-06,5,2024-09-11,25
S2469,B3469,EE,2024-09-05,2024-09-19,2,2024-09-21,10
S2470,B3470,CSE,2024-02-06,2024-02-20,11,2024-03-02,55
S2471,B3471,ECE,2024-08-13,2024-08-27,17,2024-09-13,85
S2472,B3472,CSE,2024-04-05,2024-04-19,18,2024-05-07,90
S2473,B3473,EE,2024-03-17,2024-03-31,19,2024-04-19,95
S2474,B3474,CE,2024-08-06,2024-08-20,5,2024-08-25,25
S2475,B3475,CSE,2024-06-17,2024-07-01,8,2024-07-09,40
S2476,B3476,CE,2024-06-21,2024-07-05,12,2024-07-17,60
S2477,B3477,CSE,2024-04-08,2024-04-22,5,2024-04-27,25
S2478,B3478,EE,2024-06-06,2024-06-20,0,2024-06-20,0
S2479,B3479,CE,2024-04-20,2024-05-04,0,2024-05-04,0
S2480,B3480,EE,2024-10-04,2024-10-18,24,2024-11-11,120
S2481,B3481,CE,2024-04-23,2024-05-07,18,2024-05-25,90
S2482,B3482,IT,2024-04-25,2024-05-09,8,2024-05-17,40
S2483,B3483,ME,2024-04-20,2024-05-04,22,2024-05-26,110
S2484,B3484,IT,2024-06-21,2024-07-05,14,2024-07-19,70
S2485,B3485,ME,2024-04-16,2024-04-30,11,2024-05-11,55
S2486,B3486,IT,2024-03-21,2024-04-04,21,2024-04-25,105
S2487,B3487,EE,2024-04-29,2024-05-13,5,2024-05-18,25
S2488,B3488,ECE,2024-09-17,2024-10-01,18,2024-10-19,90
S2489,B3489,ECE,2024-04-22,2024-05-06,10,2024-05-16,50
S2490,B3490,EE,2024-08-31,2024-09-14,19,2024-10-03,95
S2491,B3491,CE,2024-03-11,2024-03-25,12,2024-04-06,60
S2492,B3492,EE,2024-06-04,2024-06-18,17,2024-07-05,85
S2493,B3493,EE,2024-03-10,2024-03-24,13,2024-04-06,65
S2494,B3494,ME,2024-07-15,2024-07-29,0,2024-07-29,0
S2495,B3495,CE,2024-04-29,2024-05-13,9,2024-05-22,45
S2496,B3496,ME,2024-06-27,2024-07-11,23,2024-08-03,115
S2497,B3497,CSE,2024-07-05,2024-07-19,13,2024-08-01,65
S2498,B3498,ECE,2024-02-22,2024-03-07,4,2024-03-11,20
S2499,B3499,ECE,2024-02-01,2024-02-15,16,2024-03-02,80
S2500,B3500,CE,2024-04-14,2024-04-28,1,2024-04-29,5
S2501,B3501,ME,2024-09-25,2024-10-09,16,2024-10-25,80
S2502,B3502,EE,2024-06-09,2024-06-23,16,2024-07-09,80
S2503,B3503,CSE,2024-03-08,2024-03-22,22,2024-04-13,110
S2504,B3504,ECE,2024-07-29,2024-08-12,20,2024-09-01,100
S2505,B3505,EE,2024-03-05,2024-03-19,3,2024-03-22,15
S2506,B3506,IT,2024-05-07,2024-05-21,17,2024-06-07,85
S2507,B3507,IT,2024-04-27,2024-05-11,10,2024-05-21,50
S2508,B3508,ME,2024-10-07,2024-10-21,5,2024-10-26,25
S2509,B3509,CE,2024-07-04,2024-07-18,19,2024-08-06,95
S2510,B3510,CE,2024-06-01,2024-06-15,12,2024-06-27,60
S2511,B3511,IT,2024-04-27,2024-05-11,13,2024-05-24,65
S2512,B3512,EE,2024-09-08,2024-09-22,18,2024-10-10,90
S2513,B3513,EE,2024-06-14,2024-06-28,24,2024-07-22,120
S2514,B3514,ME,2024-09-10,2024-09-24,10,2024-10-04,50
S2515,B3515,ME,2024-06-11,2024-06-25,2,2024-06-27,10
S2516,B3516,CSE,2024-02-29,2024-03-14,3,2024-03-17,15
S2517,B3517,ECE,2024-03-07,2024-03-21,22,2024-04-12,110
S2518,B3518,ECE,2024-07-09,2024-07-23,23,2024-08-15,115
S2519,B3519,CE,2024-02-20,2024-03-05,8,2024-03-13,40
S2520,B3520,CSE,2024-10-05,2024-10-19,16,2024-11-04,80
S2521,B3521,ME,2024-09-30,2024-10-14,11,2024-10-25,55
S2522,B3522,EE,2024-07-30,2024-08-13,19,2024-09-01,95
S2523,B3523,CSE,2024-07-19,2024-08-02,13,2024-08-15,65
S2524,B3524,EE,2024-06-02,2024-06-16,13,2024-06-29,65
S2525,B3525,EE,2024-08-25,2024-09-08,7,2024-09-15,35
S2526,B3526,IT,2024-03-22,2024-04-05,17,2024-04-22,85
S2527,B3527,ME,2024-03-18,2024-04-01,18,2024-04-19,90
S2528,B3528,ME,2024-04-12,2024-04-26,13,2024-05-09,65
S2529,B3529,EE,2024-03-21,2024-04-04,23,2024-04-27,115
S2530,B3530,ECE,2024-07-28,2024-08-11,8,2024-08-19,40
S2531,B3531,IT,2024-09-20,2024-10-04,18,2024-10-22,90
S2532,B3532,ME,2024-04-18,2024-05-02,9,2024-05-11,45
S2533,B3533,CE,2024-08-05,2024-08-19,9,2024-08-28,45
S2534,B3534,ECE,2024-04-17,2024-05-01,14,2024-05-15,70
S2535,B3535,IT,2024-05-10,2024-05-24,18,2024-06-11,90
S2536,B3536,ECE,2024-02-03,2024-02-17,12,2024-02-29,60
S2537,B3537,EE,2024-06-01,2024-06-15,12,2024-06-27,60
S2538,B3538,EE,2024-09-23,2024-10-07,13,2024-10-20,65
S2539,B3539,ECE,2024-04-02,2024-04-16,22,2024-05-08,110
S2540,B3540,CSE,2024-04-01,2024-04-15,6,2024-04-21,30
S2541,B3541,EE,2024-06-26,2024-07-10,0,2024-07-10,0
S2542,B3542,CSE,2024-03-07,2024-03-21,16,2024-04-06,80
S2543,B3543,CE,2024-06-10,2024-06-24,1,2024-06-25,5
S2544,B3544,ME,2024-03-27,2024-04-10,19,2024-04-29,95
S2545,B3545,ECE,2024-05-07,2024-05-21,22,2024-06-12,110
S2546,B3546,ME,2024-04-04,2024-04-18,16,2024-05-04,80
S2547,B3547,IT,2024-04-11,2024-04-25,20,2024-05-15,100
S2548,B3548,CE,2024-07-03,2024-07-17,4,2024-07-21,20
S2549,B3549,IT,2024-06-06,2024-06-20,10,2024-06-30,50
S2550,B3550,CE,2024-09-11,2024-09-25,19,2024-10-14,95
S2551,B3551,EE,2024-05-18,2024-06-01,5,2024-06-06,25
S2552,B3552,IT,2024-08-03,2024-08-17,7,2024-08-24,35
S2553,B3553,ME,2024-08-05,2024-08-19,6,2024-08-25,30
S2554,B3554,EE,2024-04-23,2024-05-07,13,2024-05-20,65
S2555,B3555,CE,2024-04-17,2024-05-01,23,2024-05-24,115
S2556,B3556,IT,2024-08-07,2024-08-21,9,2024-08-30,45
S2557,B3557,ME,2024-02-18,2024-03-03,14,2024-03-17,70
S2558,B3558,ME,2024-03-05,2024-03-19,0,2024-03-19,0
S2559,B3559,CSE,2024-08-13,2024-08-27,4,2024-08-31,20
S2560,B3560,ME,2024-09-23,2024-10-07,22,2024-10-29,110
S2561,B3561,CE,2024-09-10,2024-09-24,13,2024-10-07,65
S2562,B3562,EE,2024-02-19,2024-03-04,19,2024-03-23,95
S2563,B3563,ME,2024-09-18,2024-10-02,21,2024-10-23,105
S2564,B3564,ME,2024-09-24,2024-10-08,1,2024-10-09,5
S2565,B3565,CSE,2024-04-07,2024-04-21,5,2024-04-26,25
S2566,B3566,ME,2024-07-14,2024-07-28,10,2024-08-07,50
S2567,B3567,ECE,2024-09-17,2024-10-01,23,2024-10-24,115
S2568,B3568,CSE,2024-05-24,2024-06-07,10,2024-06-17,50
S2569,B3569,IT,2024-02-08,2024-02-22,14,2024-03-07,70
S2570,B3570,ME,2024-09-17,2024-10-01,15,2024-10-16,75
S2571,B3571,IT,2024-05-11,2024-05-25,24,2024-06-18,120
S2572,B3572,IT,2024-09-28,2024-10-12,14,2024-10-26,70
S2573,B3573,ECE,2024-08-09,2024-08-23,11,2024-09-03,55
S2574,B3574,CSE,2024-06-09,2024-06-23,12,2024-07-05,60
S2575,B3575,CE,2024-09-01,2024-09-15,8,2024-09-23,40
S2576,B3576,CSE,2024-04-18,2024-05-02,2,2024-05-04,10
S2577,B3577,CE,2024-08-04,2024-08-18,2,2024-08-20,10
S2578,B3578,ECE,2024-07-08,2024-07-22,15,2024-08-06,75
S2579,B3579,ECE,2024-05-03,2024-05-17,12,2024-05-29,60
S2580,B3580,ECE,2024-06-24,2024-07-08,24,2024-08-01,120
S2581,B3581,EE,2024-08-28,2024-09-11,21,2024-10-02,105
S2582,B3582,ECE,2024-05-07,2024-05-21,7,2024-05-28,35
S2583,B3583,CE,2024-02-21,2024-03-06,18,2024-03-24,90
S2584,B3584,CE,2024-07-13,2024-07-27,23,2024-08-19,115
S2585,B3585,CSE,2024-04-23,2024-05-07,1,2024-05-08,5
S2586,B3586,EE,2024-02-24,2024-03-09,4,2024-03-13,20
S2587,B3587,ECE,2024-07-20,2024-08-03,4,2024-08-07,20
S2588,B3588,ME,2024-09-18,2024-10-02,16,2024-10-18,80
S2589,B3589,CE,2024-05-10,2024-05-24,19,2024-06-12,95
S2590,B3590,CE,2024-02-08,2024-02-22,4,2024-02-26,20
S2591,B3591,CE,2024-04-18,2024-05-02,16,2024-05-18,80
S2592,B3592,IT,2024-03-19,2024-04-02,16,2024-04-18,80
S2593,B3593,CE,2024-02-19,2024-03-04,24,2024-03-28,120
S2594,B3594,IT,2024-03-15,2024-03-29,24,2024-04-22,120
S2595,B3595,IT,2024-04-28,2024-05-12,16,2024-05-28,80
S2596,B3596,EE,2024-05-03,2024-05-17,6,2024-05-23,30
S2597,B3597,EE,2024-09-04,2024-09-18,23,2024-10-11,115
S2598,B3598,EE,2024-09-01,2024-09-15,24,2024-10-09,120
S2599,B3599,EE,2024-02-02,2024-02-16,17,2024-03-04,85
S2600,B3600,CE,2024-09-23,2024-10-07,7,2024-10-14,35
S2601,B3601,CE,2024-09-10,2024-09-24,10,2024-10-04,50
S2602,B3602,ECE,2024-09-08,2024-09-22,1,2024-09-23,5
S2603,B3603,ME,2024-05-02,2024-05-16,9,2024-05-25,45
S2604,B3604,CE,2024-03-13,2024-03-27,0,2024-03-27,0
S2605,B3605,CSE,2024-06-30,2024-07-14,19,2024-08-02,95
S2606,B3606,ME,2024-04-18,2024-05-02,12,2024-05-14,60
S2607,B3607,CSE,2024-07-26,2024-08-09,12,2024-08-21,60
S2608,B3608,ECE,2024-04-30,2024-05-14,13,2024-05-27,65
S2609,B3609,CE,2024-05-22,2024-06-05,10,2024-06-15,50
S2610,B3610,CE,2024-08-06,2024-08-20,5,2024-08-25,25
S2611,B3611,CE,2024-06-17,2024-07-01,11,2024-07-12,55
S2612,B3612,ME,2024-09-30,2024-10-14,19,2024-11-02,95
S2613,B3613,ECE,2024-08-16,2024-08-30,5,2024-09-04,25
S2614,B3614,CE,2024-03-22,2024-04-05,24,2024-04-29,120
S2615,B3615,EE,2024-04-03,2024-04-17,20,2024-05-07,100
S2616,B3616,IT,2024-07-20,2024-08-03,5,2024-08-08,25
S2617,B3617,ME,2024-08-18,2024-09-01,15,2024-09-16,75
S2618,B3618,CSE,2024-03-21,2024-04-04,19,2024-04-23,95
S2619,B3619,CSE,2024-02-15,2024-02-29,21,2024-03-21,105
S2620,B3620,CSE,2024-05-01,2024-05-15,0,2024-05-15,0
S2621,B3621,EE,2024-02-02,2024-02-16,8,2024-02-24,40
S2622,B3622,CE,2024-06-15,2024-06-29,17,2024-07-16,85
S2623,B3623,EE,2024-04-04,2024-04-18,20,2024-05-08,100
S2624,B3624,IT,2024-05-31,2024-06-14,8,2024-06-22,40
S2625,B3625,CSE,2024-03-19,2024-04-02,11,2024-04-13,55
S2626,B3626,ECE,2024-05-24,2024-06-07,22,2024-06-29,110
S2627,B3627,CE,2024-05-15,2024-05-29,18,2024-06-16,90
S2628,B3628,ECE,2024-09-30,2024-10-14,16,2024-10-30,80
S2629,B3629,IT,2024-08-04,2024-08-18,8,2024-08-26,40
S2630,B3630,EE,2024-10-07,2024-10-21,5,2024-10-26,25
S2631,B3631,EE,2024-02-27,2024-03-12,18,2024-03-30,90
S2632,B3632,CE,2024-04-23,2024-05-07,0,2024-05-07,0
S2633,B3633,ME,2024-06-24,2024-07-08,4,2024-07-12,20
S2634,B3634,ECE,2024-03-23,2024-04-06,5,2024-04-11,25
S2635,B3635,ME,2024-09-23,2024-10-07,7,2024-10-14,35
S2636,B3636,EE,2024-04-28,2024-05-12,22,2024-06-03,110
S2637,B3637,ECE,2024-02-11,2024-02-25,24,2024-03-20,120
S2638,B3638,CSE,2024-08-15,2024-08-29,12,2024-09-10,60
S2639,B3639,CE,2024-07-17,2024-07-31,8,2024-08-08,40
S2640,B3640,CSE,2024-09-27,2024-10-11,12,2024-10-23,60
S2641,B3641,ECE,2024-05-09,2024-05-23,17,2024-06-09,85
S2642,B3642,CE,2024-06-08,2024-06-22,23,2024-07-15,115
S2643,B3643,CE,2024-02-02,2024-02-16,15,2024-03-02,75
S2644,B3644,CSE,2024-08-30,2024-09-13,8,2024-09-21,40
S2645,B3645,ME,2024-06-12,2024-06-26,2,2024-06-28,10
S2646,B3646,CSE,2024-03-30,2024-04-13,5,2024-04-18,25
S2647,B3647,CE,2024-07-19,2024-08-02,7,2024-08-09,35
S2648,B3648,CE,2024-02-07,2024-02-21,18,2024-03-10,90
S2649,B3649,IT,2024-03-09,2024-03-23,3,2024-03-26,15
S2650,B3650,EE,2024-04-25,2024-05-09,1,2024-05-10,5
S2651,B3651,IT,2024-08-27,2024-09-10,24,2024-10-04,120
S2652,B3652,ME,2024-08-23,2024-09-06,0,2024-09-06,0
S2653,B3653,CSE,2024-03-09,2024-03-23,16,2024-04-08,80
S2654,B3654,ME,2024-03-13,2024-03-27,23,2024-04-19,115
S2655,B3655,EE,2024-07-15,2024-07-29,6,2024-08-04,30
S2656,B3656,CSE,2024-08-14,2024-08-28,8,2024-09-05,40
S2657,B3657,CE,2024-07-25,2024-08-08,18,2024-08-26,90
S2658,B3658,ME,2024-07-10,2024-07-24,21,2024-08-14,105
S2659,B3659,CE,2024-03-04,2024-03-18,22,2024-04-09,110
S2660,B3660,ECE,2024-09-20,2024-10-04,16,2024-10-20,80
S2661,B3661,CE,2024-06-30,2024-07-14,18,2024-08-01,90
S2662,B3662,CE,2024-09-20,2024-10-04,18,2024-10-22,90
S2663,B3663,CSE,2024-02-29,2024-03-14,10,2024-03-24,50
S2664,B3664,CE,2024-03-28,2024-04-11,15,2024-04-26,75
S2665,B3665,CSE,2024-04-27,2024-05-11,8,2024-05-19,40
S2666,B3666,ME,2024-07-16,2024-07-30,3,2024-08-02,15
S2667,B3667,IT,2024-06-09,2024-06-23,22,2024-07-15,110
S2668,B3668,EE,2024-07-27,2024-08-10,15,2024-08-25,75
S2669,B3669,CSE,2024-09-09,2024-09-23,8,2024-10-01,40
S2670,B3670,CSE,2024-05-02,2024-05-16,8,2024-05-24,40
S2671,B3671,EE,2024-08-18,2024-09-01,21,2024-09-22,105
S2672,B3672,ME,2024-05-20,2024-06-03,22,2024-06-25,110
S2673,B3673,EE,2024-03-16,2024-03-30,13,2024-04-12,65
S2674,B3674,CSE,2024-08-03,2024-08-17,15,2024-09-01,75
S2675,B3675,CE,2024-02-15,2024-02-29,17,2024-03-17,85
S2676,B3676,IT,2024-02-06,2024-02-20,21,2024-03-12,105
S2677,B3677,CSE,2024-05-07,2024-05-21,10,2024-05-31,50
S2678,B3678,CE,2024-09-11,2024-09-25,13,2024-10-08,65
S2679,B3679,ME,2024-08-03,2024-08-17,13,2024-08-30,65
S2680,B3680,CSE,2024-02-28,2024-03-13,13,2024-03-26,65
S2681,B3681,CE,2024-09-13,2024-09-27,9,2024-10-06,45
S2682,B3682,CE,2024-05-05,2024-05-19,23,2024-06-11,115
S2683,B3683,IT,2024-02-15,2024-02-29,17,2024-03-17,85
S2684,B3684,ECE,2024-07-20,2024-08-03,5,2024-08-08,25
S2685,B3685,IT,2024-05-03,2024-05-17,3,2024-05-20,15
S2686,B3686,CE,2024-10-03,2024-10-17,15,2024-11-01,75
S2687,B3687,ECE,2024-05-24,2024-06-07,14,2024-06-21,70
S2688,B3688,EE,2024-04-28,2024-05-12,10,2024-05-22,50
S2689,B3689,IT,2024-06-04,2024-06-18,3,2024-06-21,15
S2690,B3690,CSE,2024-03-01,2024-03-15,15,2024-03-30,75
S2691,B3691,ME,2024-04-22,2024-05-06,4,2024-05-10,20
S2692,B3692,ME,2024-07-28,2024-08-11,14,2024-08-25,70
S2693,B3693,ME,2024-09-18,2024-10-02,23,2024-10-25,115
S2694,B3694,CSE,2024-09-26,2024-10-10,23,2024-11-02,115
S2695,B3695,ME,2024-08-16,2024-08-30,13,2024-09-12,65
S2696,B3696,ECE,2024-02-08,2024-02-22,0,2024-02-22,0
S2697,B3697,EE,2024-02-05,2024-02-19,14,2024-03-04,70
S2698,B3698,ECE,2024-09-03,2024-09-17,13,2024-09-30,65
S2699,B3699,EE,2024-08-13,2024-08-27,5,2024-09-01,25
S2700,B3700,EE,2024-02-20,2024-03-05,1,2024-03-06,5
S2701,B3701,CE,2024-04-27,2024-05-11,24,2024-06-04,120
S2702,B3702,CE,2024-04-23,2024-05-07,24,2024-05-31,120
S2703,B3703,CSE,2024-05-09,2024-05-23,3,2024-05-26,15
S2704,B3704,CE,2024-07-30,2024-08-13,17,2024-08-30,85
S2705,B3705,ECE,2024-04-24,2024-05-08,9,2024-05-17,45
S2706,B3706,ECE,2024-04-17,2024-05-01,18,2024-05-19,90
S2707,B3707,EE,2024-06-19,2024-07-03,11,2024-07-14,55
S2708,B3708,ECE,2024-03-09,2024-03-23,6,2024-03-29,30
S2709,B3709,CE,2024-04-20,2024-05-04,13,2024-05-17,65
S2710,B3710,ECE,2024-06-03,2024-06-17,9,2024-06-26,45
S2711,B3711,CSE,2024-06-17,2024-07-01,24,2024-07-25,120
S2712,B3712,IT,2024-09-29,2024-10-13,11,2024-10-24,55
S2713,B3713,EE,2024-02-12,2024-02-26,18,2024-03-15,90
S2714,B3714,ECE,2024-03-02,2024-03-16,24,2024-04-09,120
S2715,B3715,CSE,2024-08-16,2024-08-30,7,2024-09-06,35
S2716,B3716,ECE,2024-08-12,2024-08-26,4,2024-08-30,20
S2717,B3717,ECE,2024-03-23,2024-04-06,23,2024-04-29,115
S2718,B3718,IT,2024-07-04,2024-07-18,2,2024-07-20,10
S2719,B3719,CSE,2024-08-02,2024-08-16,21,2024-09-06,105
S2720,B3720,EE,2024-05-26,2024-06-09,10,2024-06-19,50
S2721,B3721,ECE,2024-03-09,2024-03-23,13,2024-04-05,65
S2722,B3722,EE,2024-10-03,2024-10-17,22,2024-11-08,110
S2723,B3723,CSE,2024-09-28,2024-10-12,1,2024-10-13,5
S2724,B3724,ME,2024-09-05,2024-09-19,6,2024-09-25,30
S2725,B3725,CSE,2024-03-08,2024-03-22,20,2024-04-11,100
S2726,B3726,CSE,2024-03-11,2024-03-25,17,2024-04-11,85
S2727,B3727,CSE,2024-04-23,2024-05-07,16,2024-05-23,80
S2728,B3728,ECE,2024-06-11,2024-06-25,19,2024-07-14,95
S2729,B3729,IT,2024-03-05,2024-03-19,22,2024-04-10,110
S2730,B3730,CSE,2024-07-15,2024-07-29,15,2024-08-13,75
S2731,B3731,EE,2024-03-13,2024-03-27,14,2024-04-10,70
S2732,B3732,CE,2024-03-25,2024-04-08,5,2024-04-13,25
S2733,B3733,ME,2024-02-07,2024-02-21,12,2024-03-04,60
S2734,B3734,ME,2024-05-23,2024-06-06,10,2024-06-16,50
S2735,B3735,ECE,2024-02-15,2024-02-29,20,2024-03-20,100
S2736,B3736,CE,2024-06-06,2024-06-20,3,2024-06-23,15
S2737,B3737,EE,2024-02-19,2024-03-04,9,2024-03-13,45
S2738,B3738,ECE,2024-02-19,2024-03-04,16,2024-03-20,80
S2739,B3739,IT,2024-06-07,2024-06-21,1,2024-06-22,5
S2740,B3740,CSE,2024-05-05,2024-05-19,1,2024-05-20,5
S2741,B3741,EE,2024-06-27,2024-07-11,4,2024-07-15,20
S2742,B3742,CSE,2024-04-25,2024-05-09,18,2024-05-27,90
S2743,B3743,ECE,2024-08-20,2024-09-03,10,2024-09-13,50
S2744,B3744,ME,2024-02-16,2024-03-01,20,2024-03-21,100
S2745,B3745,CSE,2024-09-24,2024-10-08,24,2024-11-01,120
S2746,B3746,EE,2024-04-18,2024-05-02,3,2024-05-05,15
S2747,B3747,CSE,2024-02-26,2024-03-11,9,2024-03-20,45
S2748,B3748,ME,2024-03-19,2024-04-02,4,2024-04-06,20
S2749,B3749,ME,2024-07-15,2024-07-29,10,2024-08-08,50
S2750,B3750,CE,2024-03-29,2024-04-12,5,2024-04-17,25
S2751,B3751,IT,2024-02-27,2024-03-12,14,2024-03-26,70
S2752,B3752,ME,2024-05-21,2024-06-04,24,2024-06-28,120
S2753,B3753,ME,2024-09-25,2024-10-09,6,2024-10-15,30
S2754,B3754,ECE,2024-08-06,2024-08-20,0,2024-08-20,0
S2755,B3755,ME,2024-03-25,2024-04-08,13,2024-04-21,65
S2756,B3756,IT,2024-07-24,2024-08-07,19,2024-08-26,95
S2757,B3757,CSE,2024-03-19,2024-04-02,1,2024-04-03,5
S2758,B3758,ECE,2024-04-27,2024-05-11,22,2024-06-02,110
S2759,B3759,CSE,2024-05-24,2024-06-07,24,2024-07-01,120
S2760,B3760,ME,2024-03-17,2024-03-31,4,2024-04-04,20
S2761,B3761,EE,2024-08-25,2024-09-08,8,2024-09-16,40
S2762,B3762,CE,2024-08-07,2024-08-21,6,2024-08-27,30
S2763,B3763,CE,2024-07-22,2024-08-05,1,2024-08-06,5
S2764,B3764,ME,2024-06-16,2024-06-30,9,2024-07-09,45
S2765,B3765,CSE,2024-05-04,2024-05-18,9,2024-05-27,45
S2766,B3766,ME,2024-06-15,2024-06-29,11,2024-07-10,55
S2767,B3767,ME,2024-07-31,2024-08-14,11,2024-08-25,55
S2768,B3768,EE,2024-03-08,2024-03-22,5,2024-03-27,25
S2769,B3769,CE,2024-08-11,2024-08-25,19,2024-09-13,95
S2770,B3770,ME,2024-09-19,2024-10-03,0,2024-10-03,0
S2771,B3771,ECE,2024-07-12,2024-07-26,14,2024-08-09,70
S2772,B3772,ME,2024-02-05,2024-02-19,6,2024-02-25,30
S2773,B3773,IT,2024-06-20,2024-07-04,12,2024-07-16,60
S2774,B3774,IT,2024-07-18,2024-08-01,8,2024-08-09,40
S2775,B3775,ME,2024-03-06,2024-03-20,9,2024-03-29,45
S2776,B3776,CE,2024-05-04,2024-05-18,5,2024-05-23,25
S2777,B3777,ME,2024-06-03,2024-06-17,9,2024-06-26,45
S2778,B3778,ME,2024-09-12,2024-09-26,23,2024-10-19,115
S2779,B3779,EE,2024-02-16,2024-03-01,4,2024-03-05,20
S2780,B3780,EE,2024-08-29,2024-09-12,0,2024-09-12,0
S2781,B3781,CE,2024-06-20,2024-07-04,19,2024-07-23,95
S2782,B3782,CSE,2024-04-26,2024-05-10,3,2024-05-13,15
S2783,B3783,ECE,2024-07-01,2024-07-15,2,2024-07-17,10
S2784,B3784,IT,2024-04-08,2024-04-22,15,2024-05-07,75
S2785,B3785,ECE,2024-05-22,2024-06-05,6,2024-06-11,30
S2786,B3786,IT,2024-04-01,2024-04-15,12,2024-04-27,60
S2787,B3787,EE,2024-04-20,2024-05-04,20,2024-05-24,100
S2788,B3788,ECE,2024-06-17,2024-07-01,18,2024-07-19,90
S2789,B3789,IT,2024-04-04,2024-04-18,18,2024-05-06,90
S2790,B3790,CE,2024-08-02,2024-08-16,19,2024-09-04,95
S2791,B3791,IT,2024-04-13,2024-04-27,10,2024-05-07,50
S2792,B3792,ECE,2024-06-24,2024-07-08,20,2024-07-28,100
S2793,B3793,ECE,2024-09-07,2024-09-21,15,2024-10-06,75
S2794,B3794,ECE,2024-06-07,2024-06-21,18,2024-07-09,90
S2795,B3795,EE,2024-07-04,2024-07-18,5,2024-07-23,25
S2796,B3796,CSE,2024-10-04,2024-10-18,21,2024-11-08,105
S2797,B3797,CE,2024-02-28,2024-03-13,13,2024-03-26,65
S2798,B3798,ECE,2024-04-29,2024-05-13,23,2024-06-05,115
S2799,B3799,ME,2024-09-20,2024-10-04,5,2024-10-09,25
S2800,B3800,EE,2024-07-12,2024-07-26,9,2024-08-04,45
S2801,B3801,IT,2024-07-01,2024-07-15,15,2024-07-30,75
S2802,B3802,ME,2024-03-30,2024-04-13,23,2024-05-06,115
S2803,B3803,ME,2024-08-21,2024-09-04,6,2024-09-10,30
S2804,B3804,IT,2024-06-20,2024-07-04,14,2024-07-18,70
S2805,B3805,EE,2024-07-22,2024-08-05,0,2024-08-05,0
S2806,B3806,ECE,2024-08-01,2024-08-15,17,2024-09-01,85
S2807,B3807,CE,2024-08-30,2024-09-13,19,2024-10-02,95
S2808,B3808,CSE,2024-06-15,2024-06-29,3,2024-07-02,15
S2809,B3809,CSE,2024-05-11,2024-05-25,15,2024-06-09,75
S2810,B3810,EE,2024-07-29,2024-08-12,16,2024-08-28,80
S2811,B3811,IT,2024-04-23,2024-05-07,16,2024-05-23,80
S2812,B3812,IT,2024-07-19,2024-08-02,0,2024-08-02,0
S2813,B3813,ME,2024-03-01,2024-03-15,16,2024-03-31,80
S2814,B3814,CE,2024-04-16,2024-04-30,1,2024-05-01,5
S2815,B3815,ME,2024-04-11,2024-04-25,0,2024-04-25,0
S2816,B3816,CSE,2024-09-11,2024-09-25,17,2024-10-12,85
S2817,B3817,ECE,2024-06-22,2024-07-06,22,2024-07-28,110
S2818,B3818,ME,2024-02-10,2024-02-24,0,2024-02-24,0
S2819,B3819,CE,2024-04-19,2024-05-03,1,2024-05-04,5
S2820,B3820,CSE,2024-06-30,2024-07-14,8,2024-07-22,40
S2821,B3821,ECE,2024-07-05,2024-07-19,0,2024-07-19,0
S2822,B3822,CE,2024-03-27,2024-04-10,1,2024-04-11,5
S2823,B3823,CSE,2024-06-10,2024-06-24,11,2024-07-05,55
S2824,B3824,ME,2024-05-22,2024-06-05,10,2024-06-15,50
S2825,B3825,EE,2024-02-21,2024-03-06,7,2024-03-13,35
S2826,B3826,EE,2024-06-07,2024-06-21,4,2024-06-25,20
S2827,B3827,CE,2024-09-15,2024-09-29,13,2024-10-12,65
S2828,B3828,CE,2024-07-24,2024-08-07,2,2024-08-09,10
S2829,B3829,IT,2024-03-30,2024-04-13,4,2024-04-17,20
S2830,B3830,CE,2024-02-08,2024-02-22,10,2024-03-03,50
S2831,B3831,IT,2024-04-01,2024-04-15,0,2024-04-15,0
S2832,B3832,EE,2024-06-08,2024-06-22,8,2024-06-30,40
S2833,B3833,ECE,2024-08-12,2024-08-26,21,2024-09-16,105
S2834,B3834,ME,2024-08-13,2024-08-27,7,2024-09-03,35
S2835,B3835,ME,2024-02-21,2024-03-06,18,2024-03-24,90
S2836,B3836,ME,2024-08-11,2024-08-25,18,2024-09-12,90
S2837,B3837,CSE,2024-04-19,2024-05-03,17,2024-05-20,85
S2838,B3838,ECE,2024-04-08,2024-04-22,18,2024-05-10,90
S2839,B3839,ME,2024-06-16,2024-06-30,23,2024-07-23,115
S2840,B3840,CSE,2024-05-10,2024-05-24,4,2024-05-28,20
S2841,B3841,IT,2024-06-20,2024-07-04,24,2024-07-28,120
S2842,B3842,CE,2024-06-03,2024-06-17,12,2024-06-29,60
S2843,B3843,EE,2024-05-06,2024-05-20,23,2024-06-12,115
S2844,B3844,EE,2024-06-28,2024-07-12,2,2024-07-14,10
S2845,B3845,IT,2024-03-09,2024-03-23,14,2024-04-06,70
S2846,B3846,IT,2024-07-18,2024-08-01,17,2024-08-18,85
S2847,B3847,CSE,2024-04-23,2024-05-07,6,2024-05-13,30
S2848,B3848,IT,2024-02-28,2024-03-13,17,2024-03-30,85
S2849,B3849,ECE,2024-06-19,2024-07-03,14,2024-07-17,70
S2850,B3850,ME,2024-04-12,2024-04-26,18,2024-05-14,90
S2851,B3851,EE,2024-03-08,2024-03-22,17,2024-04-08,85
S2852,B3852,ME,2024-03-19,2024-04-02,8,2024-04-10,40
S2853,B3853,IT,2024-08-09,2024-08-23,4,2024-08-27,20
S2854,B3854,IT,2024-05-13,2024-05-27,23,2024-06-19,115
S2855,B3855,CE,2024-06-27,2024-07-11,20,2024-07-31,100
S2856,B3856,CE,2024-09-07,2024-09-21,16,2024-10-07,80
S2857,B3857,EE,2024-03-10,2024-03-24,21,2024-04-14,105
S2858,B3858,EE,2024-07-13,2024-07-27,19,2024-08-15,95
S2859,B3859,ECE,2024-06-09,2024-06-23,24,2024-07-17,120
S2860,B3860,ECE,2024-05-06,2024-05-20,18,2024-06-07,90
S2861,B3861,CSE,2024-03-18,2024-04-01,5,2024-04-06,25
S2862,B3862,ME,2024-09-14,2024-09-28,11,2024-10-09,55
S2863,B3863,ME,2024-03-24,2024-04-07,4,2024-04-11,20
S2864,B3864,CSE,2024-05-26,2024-06-09,24,2024-07-03,120
S2865,B3865,CE,2024-05-03,2024-05-17,10,2024-05-27,50
S2866,B3866,IT,2024-06-21,2024-07-05,22,2024-07-27,110
S2867,B3867,IT,2024-09-28,2024-10-12,24,2024-11-05,120
S2868,B3868,CSE,2024-06-30,2024-07-14,17,2024-07-31,85
S2869,B3869,ECE,2024-09-21,2024-10-05,22,2024-10-27,110
S2870,B3870,CE,2024-09-19,2024-10-03,0,2024-10-03,0
S2871,B3871,ECE,2024-09-03,2024-09-17,4,2024-09-21,20
S2872,B3872,CE,2024-04-24,2024-05-08,18,2024-05-26,90
S2873,B3873,ME,2024-04-16,2024-04-30,5,2024-05-05,25
S2874,B3874,CSE,2024-09-30,2024-10-14,24,2024-11-07,120
S2875,B3875,EE,2024-02-12,2024-02-26,20,2024-03-17,100
S2876,B3876,CE,2024-03-03,2024-03-17,3,2024-03-20,15
S2877,B3877,CSE,2024-07-16,2024-07-30,4,2024-08-03,20
S2878,B3878,EE,2024-03-21,2024-04-04,5,2024-04-09,25
S2879,B3879,EE,2024-06-24,2024-07-08,17,2024-07-25,85
S2880,B3880,EE,2024-09-18,2024-10-02,23,2024-10-25,115
S2881,B3881,CSE,2024-03-16,2024-03-30,5,2024-04-04,25
S2882,B3882,EE,2024-10-06,2024-10-20,21,2024-11-10,105
S2883,B3883,CSE,2024-06-03,2024-06-17,13,2024-06-30,65
S2884,B3884,ECE,2024-03-07,2024-03-21,19,2024-04-09,95
S2885,B3885,ME,2024-03-30,2024-04-13,24,2024-05-07,120
S2886,B3886,ME,2024-06-28,2024-07-12,6,2024-07-18,30
S2887,B3887,ECE,2024-09-12,2024-09-26,10,2024-10-06,50
S2888,B3888,ECE,2024-07-15,2024-07-29,5,2024-08-03,25
S2889,B3889,CSE,2024-08-28,2024-09-11,23,2024-10-04,115
S2890,B3890,CE,2024-04-04,2024-04-18,4,2024-04-22,20
S2891,B3891,IT,2024-02-04,2024-02-18,22,2024-03-11,110
S2892,B3892,ECE,2024-04-05,2024-04-19,10,2024-04-29,50
S2893,B3893,CSE,2024-08-17,2024-08-31,16,2024-09-16,80
S2894,B3894,ECE,2024-06-08,2024-06-22,7,2024-06-29,35
S2895,B3895,ME,2024-05-15,2024-05-29,2,2024-05-31,10
S2896,B3896,ME,2024-08-07,2024-08-21,21,2024-09-11,105
S2897,B3897,CE,2024-06-24,2024-07-08,14,2024-07-22,70
S2898,B3898,IT,2024-08-18,2024-09-01,15,2024-09-16,75
S2899,B3899,CSE,2024-10-04,2024-10-18,2,2024-10-20,10
S2900,B3900,IT,2024-04-29,2024-05-13,23,2024-06-05,115
S2901,B3901,EE,2024-04-02,2024-04-16,10,2024-04-26,50
S2902,B3902,CSE,2024-09-23,2024-10-07,5,2024-10-12,25
S2903,B3903,ECE,2024-04-30,2024-05-14,17,2024-05-31,85
S2904,B3904,EE,2024-03-14,2024-03-28,18,2024-04-15,90
S2905,B3905,CSE,2024-04-07,2024-04-21,2,2024-04-23,10
S2906,B3906,CSE,2024-03-31,2024-04-14,18,2024-05-02,90
S2907,B3907,CSE,2024-08-27,2024-09-10,18,2024-09-28,90
S2908,B3908,ME,2024-06-04,2024-06-18,13,2024-07-01,65
S2909,B3909,IT,2024-06-30,2024-07-14,20,2024-08-03,100
S2910,B3910,IT,2024-02-28,2024-03-13,16,2024-03-29,80
S2911,B3911,EE,2024-03-25,2024-04-08,5,2024-04-13,25
S2912,B3912,IT,2024-04-09,2024-04-23,18,2024-05-11,90
S2913,B3913,CE,2024-07-11,2024-07-25,10,2024-08-04,50
S2914,B3914,ME,2024-05-06,2024-05-20,14,2024-06-03,70
S2915,B3915,CSE,2024-04-26,2024-05-10,6,2024-05-16,30
S2916,B3916,IT,2024-04-10,2024-04-24,15,2024-05-09,75
S2917,B3917,CSE,2024-05-11,2024-05-25,22,2024-06-16,110
S2918,B3918,CSE,2024-05-27,2024-06-10,23,2024-07-03,115
S2919,B3919,IT,2024-09-08,2024-09-22,19,2024-10-11,95
S2920,B3920,EE,2024-07-05,2024-07-19,24,2024-08-12,120
S2921,B3921,IT,2024-03-08,2024-03-22,13,2024-04-04,65
S2922,B3922,ECE,2024-04-07,2024-04-21,21,2024-05-12,105
S2923,B3923,IT,2024-04-19,2024-05-03,11,2024-05-14,55
S2924,B3924,ME,2024-04-12,2024-04-26,17,2024-05-13,85
S2925,B3925,IT,2024-02-02,2024-02-16,15,2024-03-02,75
S2926,B3926,ME,2024-05-16,2024-05-30,2,2024-06-01,10
S2927,B3927,IT,2024-04-04,2024-04-18,20,2024-05-08,100
S2928,B3928,EE,2024-03-31,2024-04-14,24,2024-05-08,120
S2929,B3929,ME,2024-10-01,2024-10-15,12,2024-10-27,60
S2930,B3930,EE,2024-05-22,2024-06-05,16,2024-06-21,80
S2931,B3931,EE,2024-08-06,2024-08-20,3,2024-08-23,15
S2932,B3932,IT,2024-04-08,2024-04-22,17,2024-05-09,85
S2933,B3933,IT,2024-09-06,2024-09-20,13,2024-10-03,65
S2934,B3934,IT,2024-05-06,2024-05-20,14,2024-06-03,70
S2935,B3935,EE,2024-02-23,2024-03-08,15,2024-03-23,75
S2936,B3936,ECE,2024-07-04,2024-07-18,1,2024-07-19,5
S2937,B3937,ECE,2024-09-08,2024-09-22,1,2024-09-23,5
S2938,B3938,IT,2024-03-28,2024-04-11,21,2024-05-02,105
S2939,B3939,IT,2024-03-19,2024-04-02,24,2024-04-26,120
S2940,B3940,ECE,2024-07-31,2024-08-14,16,2024-08-30,80
S2941,B3941,CSE,2024-07-27,2024-08-10,19,2024-08-29,95
S2942,B3942,IT,2024-04-22,2024-05-06,22,2024-05-28,110
S2943,B3943,EE,2024-05-04,2024-05-18,12,2024-05-30,60
S2944,B3944,CSE,2024-05-24,2024-06-07,23,2024-06-30,115
S2945,B3945,IT,2024-08-22,2024-09-05,11,2024-09-16,55
S2946,B3946,ECE,2024-03-26,2024-04-09,10,2024-04-19,50
S2947,B3947,ECE,2024-05-13,2024-05-27,10,2024-06-06,50
S2948,B3948,CE,2024-08-10,2024-08-24,8,2024-09-01,40
S2949,B3949,ME,2024-02-26,2024-03-11,22,2024-04-02,110
S2950,B3950,ECE,2024-06-01,2024-06-15,5,2024-06-20,25
S2951,B3951,CSE,2024-10-01,2024-10-15,11,2024-10-26,55
S2952,B3952,IT,2024-07-13,2024-07-27,3,2024-07-30,15
S2953,B3953,CSE,2024-06-06,2024-06-20,8,2024-06-28,40
S2954,B3954,ME,2024-08-12,2024-08-26,4,2024-08-30,20
S2955,B3955,CSE,2024-10-03,2024-10-17,10,2024-10-27,50
S2956,B3956,EE,2024-02-19,2024-03-04,3,2024-03-07,15
S2957,B3957,ECE,2024-02-27,2024-03-12,7,2024-03-19,35
S2958,B3958,IT,2024-05-19,2024-06-02,1,2024-06-03,5
S2959,B3959,ME,2024-09-23,2024-10-07,3,2024-10-10,15
S2960,B3960,CE,2024-10-04,2024-10-18,6,2024-10-24,30
S2961,B3961,ME,2024-04-12,2024-04-26,17,2024-05-13,85
S2962,B3962,EE,2024-09-26,2024-10-10,1,2024-10-11,5
S2963,B3963,ECE,2024-03-03,2024-03-17,17,2024-04-03,85
S2964,B3964,CSE,2024-05-28,2024-06-11,8,2024-06-19,40
S2965,B3965,EE,2024-02-13,2024-02-27,14,2024-03-12,70
S2966,B3966,EE,2024-04-27,2024-05-11,14,2024-05-25,70
S2967,B3967,CE,2024-03-07,2024-03-21,6,2024-03-27,30
S2968,B3968,ECE,2024-08-03,2024-08-17,12,2024-08-29,60
S2969,B3969,ME,2024-10-06,2024-10-20,15,2024-11-04,75
S2970,B3970,IT,2024-03-23,2024-04-06,2,2024-04-08,10
S2971,B3971,CSE,2024-04-25,2024-05-09,24,2024-06-02,120
S2972,B3972,ME,2024-09-22,2024-10-06,20,2024-10-26,100
S2973,B3973,CE,2024-08-25,2024-09-08,19,2024-09-27,95
S2974,B3974,ECE,2024-06-03,2024-06-17,18,2024-07-05,90
S2975,B3975,IT,2024-02-03,2024-02-17,8,2024-02-25,40
S2976,B3976,EE,2024-05-19,2024-06-02,16,2024-06-18,80
S2977,B3977,ME,2024-09-03,2024-09-17,20,2024-10-07,100
S2978,B3978,CSE,2024-02-22,2024-03-07,7,2024-03-14,35
S2979,B3979,IT,2024-07-10,2024-07-24,1,2024-07-25,5
S2980,B3980,CSE,2024-08-27,2024-09-10,23,2024-10-03,115
S2981,B3981,ME,2024-04-05,2024-04-19,17,2024-05-06,85
S2982,B3982,IT,2024-04-19,2024-05-03,21,2024-05-24,105
S2983,B3983,ECE,2024-06-25,2024-07-09,18,2024-07-27,90
S2984,B3984,IT,2024-03-21,2024-04-04,21,2024-04-25,105
S2985,B3985,CSE,2024-09-23,2024-10-07,8,2024-10-15,40
S2986,B3986,EE,2024-06-25,2024-07-09,9,2024-07-18,45
S2987,B3987,ME,2024-03-24,2024-04-07,23,2024-04-30,115
S2988,B3988,ECE,2024-06-12,2024-06-26,16,2024-07-12,80
S2989,B3989,EE,2024-03-03,2024-03-17,6,2024-03-23,30
S2990,B3990,EE,2024-03-21,2024-04-04,21,2024-04-25,105
S2991,B3991,EE,2024-07-03,2024-07-17,22,2024-08-08,110
S2992,B3992,CE,2024-04-02,2024-04-16,18,2024-05-04,90
S2993,B3993,ME,2024-08-27,2024-09-10,4,2024-09-14,20
S2994,B3994,IT,2024-05-14,2024-05-28,5,2024-06-02,25
S2995,B3995,CE,2024-06-09,2024-06-23,22,2024-07-15,110
S2996,B3996,ME,2024-05-20,2024-06-03,11,2024-06-14,55
S2997,B3997,IT,2024-02-14,2024-02-28,10,2024-03-09,50
S2998,B3998,ECE,2024-02-24,2024-03-09,9,2024-03-18,45
S2999,B3999,ME,2024-03-05,2024-03-19,12,2024-03-31,60
